coursecode,regulation,subjectcode,subjectname,status
BTECH-MEC,R16,BTECH-CSE-R16-COMP,Computer Science ,1
BTECH-MEC,R16,BTECH-CSE-R16-MATHS,Mathematics,1
BTECH-CSE,R13,BTECH-CSE-R13-LANG,Languages,1
BTECH-CSE,R13,BTECH-CSE-R13-HW,Hardware,1
BTECH-FST,R13,BTECH-FST-R13-PHY,Physics,1
BTECH-ECE,R13,BTECH-ECE-R13-ELEC,Electricals,1
BTECH-CSE,R13,BTECH-CSE-R13-OD,Operations design,1
BTECH-CVL,R16,BTECH-CVL-R16-PS,PROBABILITY &STATISTICS ,0
BTECH-CVL,R16,BTECH-CVL-R16-SM,STRENGTH OF MATERIALS-1,0
BTECH-CVL,R16,BTECH-CVL-R16-FM,FLUID MECHANICS ,0
BTECH-CVL,R16,BTECH-CVL-R16-BMC,BUILDING MATERIALS & CONSTRUCTION,0
BTECH-CVL,R16,BTECH-CVL-R16-S-1,SURVEYING-I ,0
BTECH-CVL,R16,BTECH-CVL-R16-BEE,BASIC ELECTRICAL AND ELECTRONICS,0
BTECH-CVL,R16,BTECH-CVL-R16-PEHV,PROFESSIONAL ETHICS AND HUMAN VALUES,0
BTECH-CVL,R16,BTECH-CVL-R16-S-LAB,SURVEYING LAB ,0
BTECH-CVL,R16,BTECH-CVL-R16-SM-LAB,STRENGTH OF MATERIALS LAB,0
BTECH-CVL,R16,BTECH-CVL-R16-TRANSPORTATIONENGINEERINGâ€“II,TRANSPORTATION ENGINEERING â€“II,0
BTECH-CVL,R16,BTECH-CVL-R16-ENGINEERINGGEOLOGY,ENGINEERING GEOLOGY,0
BTECH-CVL,R16,BTECH-CVL-R16-MANAGEMENTSCIENCE,MANAGEMENT SCIENCE,0
BTECH-CVL,R16,BTECH-CVL-R16-DESIGNANDDRAWINGOFSTRUCTURES,DESIGN AND DRAWING OF CONCTRETE STRUCTURES,0
BTECH-CVL,R16,BTECH-CVL-R16-STRUCTURALANALYSIS-II,STRUCTURAL ANALYSIS-II,0
BTECH-CVL,R16,BTECH-CVL-R16-CONCRETETECHNOLOGYLAB,CONCRETE TECHNOLOGYLAB,0
BTECH-CVL,R16,BTECH-CVL-R16-TRANSPORTATIONENGINEERINGLAB,TRANSPORTATION ENGINEERING LAB,0
BTECH-CVL,R16,BTECH-CVL-R16-ENGINEERINGGEOLOGYLAB,ENGINEERING GEOLOGY LAB,0
BTECH-CVL,R13,BTECH-CVL-R13-RSGA,REMOTE SENSING & GIS APPLICATIONS,0
BTECH-CVL,R13,BTECH-CVL-R13-PSC,PRE STRESSED CONCRETE,0
BTECH-CVL,R13,BTECH-CVL-R13-EE,ENVIRONMENTAL ENGINEERING II,0
BTECH-CVL,R16,BTECH-CVL-R16-WRE,WATER RESOURCES ENGINEERING II,0
BTECH-CVL,R13,BTECH-CVL-R13-GIT,GROUND IMPROVEMENT TECHNIQUES,0
BTECH-CVL,R13,BTECH-CVL-R13-CTM,CONSTRUCTION TECHNOLOGY AND MANAGEMENT,0
BTECH-CVL,R13,BTECH-CVL-R13-EELAB,ENVIRONMENTAL ENGINEERING LAB,0
BTECH-CVL,R13,BTECH-CVL-R13-GISCAD,GIS AND CAD LAB,0
BTECH-CSE,R16,BTECH-CSE-R16-SRP,STATISTICS WITH R-PROGRAMMING,0
BTECH-CSE,R16,BTECH-CSE-R16-DSCPP,DATA STRUCTURES THROUGH C++,0
BTECH-CSE,R13,BTECH-CSE-R13-PROG,PYTHON-PROGRAMMING,1
BTECH-CSE,R16,BTECH-CSE-R16-PYTHON,PYTHON-PROGRAMMING,0
BTECH-CSE,R16,BTECH-CSE-R16-CG,COMPUTER GRAPHICS,0
BTECH-CSE,R16,BTECH-CSE-R16-MFCS,MFCS,0
BTECH-CSE,R13,BTECH-CSE-R13-DLD,DLD,1
BTECH-CSE,R16,BTECH-CSE-R16-DLD,DLD,0
BTECH-CSE,R16,BTECH-CSE-R16-DSLAB,DS THROUGH C++ LAB,0
BTECH-CSE,R16,BTECH-CSE-R16-PYTHONLAB,PYTHON-PROGRAMMING LAB,0
BTECH-CSE,R16,BTECH-CSE-R16-UNIX,UNIX PROGRAMMING,0
BTECH-CSE,R16,BTECH-CSE-R16-CD,COMLIPER DESIGN,0
BTECH-CSE,R16,BTECH-CSE-R16-DBMS,DBMS,0
BTECH-CSE,R16,BTECH-CSE-R16-OS,OPEARTING SYSTEMS,0
BTECH-CSE,R16,BTECH-CSE-R16-OOAD,OOAD,0
BTECH-CSE,R16,BTECH-CSE-R16-PE,PROFESSIONAL ETHICS,0
BTECH-CSE,R16,BTECH-CSE-R16-OSLAB,OS & LINUX LAB,0
BTECH-CSE,R16,BTECH-CSE-R16-DBMSLAB,DBMS LAB,0
BTECH-CSE,R16,BTECH-CSE-R16-OOADLAB,OOAD USING UML LAB,0
BTECH-CSE,R13,BTECH-CSE-R13-CNS,CRYPTOGRAPHY AND NETWORK SECURITY,0
BTECH-CSE,R13,BTECH-CSE-R13-MC,MOBILE COMPUTING,0
BTECH-CSE,R13,BTECH-CSE-R13-STM,SOFTWARE TESTING METHODLOGIES,0
BTECH-CSE,R13,BTECH-CSE-R13-HADOOP,HADOOP AND BIG DATA,0
BTECH-CSE,R13,BTECH-CSE-R13-UML,UNIFIED MODELING LANGUAGE,0
BTECH-CSE,R13,BTECH-CSE-R13-MADLAB,MAD LAB,0
BTECH-CSE,R13,BTECH-CSE-R13-STMLAB,STM LAB,0
BTECH-CSE,R13,BTECH-CSE-R13-UMLLAB,UMLLAB,0
BTECH-CSE,R13,BTECH-CSE-R13-HADOOPLAB,HADOOP AND BIG DATA LAB,0
BTECH-EEE,R16,BTECH-EEE-R16-EEE,EEE,0
BTECH-EEE,R13,BTECH-EEE-R13-EEE,EEE,0
BTECH-ECE,R13,BTECH-ECE-R13-ECE,ECE,0
BTECH-ECE,R16,BTECH-ECE-R16-ECE,ECE,0
BTECH-MEC,R13,BTECH-MEC-R13-MEC,MEC,0
BTECH-MEC,R16,BTECH-MEC-R16-MEC,MEC,0
BTECH-CVL,R13,BTECH-CVL-R13-EIAM,ENVIRONMENTAL IMPACT ASSESSMENT AND MANAGEMENT,0
BTECH-CVL,R13,BTECH-CVL-R13-ESC,ESTIMATING SPECIFICATIONS AND CONTRACTS,0
BTECH-CVL,R13,BTECH-CVL-R13-RARS,REPAIR  AND REHABILTATION OF STRUCTURES,0
BTECH-CVL,R13,BTECH-CVL-R13-WSM,WATER SHED MANAGEMENT,0
BTECH-CVL,R13,BTECH-CVL-R13-IT,INDUSTRIAL TRAINING,0
BTECH-CVL,R13,BTECH-CVL-R13-GAAR,GENERAL AWARENESS,ARTHEMATIC AND REASONING,0
BTECH-CVL,R16,BTECH-CVL-R16-DADSS,DESIGN AND DRAWING OF STEEL STRUCTURES,0
BTECH-CVL,R16,BTECH-CVL-R16-GE-1,GEOTECHNICAL ENGINEERING-I,0
BTECH-CVL,R16,BTECH-CVL-R16-EE-1,ENVIRONMENTAL ENGINEERING -1,0
BTECH-CVL,R16,BTECH-CVL-R16-EELAB,ENVIRONMENTAL ENGINEERING LAB,0
BTECH-CVL,R16,BTECH-CVL-R16-GTELAB,GEO- TECHNICAL ENGINEERING LAB,0
BTECH-CVL,R16,BTECH-CVL-R16-CAED,COMPUTER AIDED ENGINEERING DRAWING,0
BTECH-CVL,R16,BTECH-CVL-R16-GATE,GATE-2019,0
BTECH-CVL,R16,BTECH-CVL-R16-AR,ARTHEMATIC AND REASONING,0
BTECH-CVL,R16,BTECH-CVL-R16-CS,COMMUNICATION SKILLS,0
BTECH-CVL,R16,BTECH-CVL-R16-SM-II,STRENGTH OF MATERIALS-II,0
BTECH-CVL,R16,BTECH-CVL-R16-BPD,BUILDING PLANNING AND DRAWING,0
BTECH-CVL,R16,BTECH-CVL-R16-TE-1,TRANSPORTATION ENGINEERING -1,0
BTECH-CVL,R16,BTECH-CVL-R16-CT,CONSTRUCTION TECHNOLOGY,0
BTECH-CVL,R16,BTECH-CVL-R16-HAHM,HYDRAULICS AND HYDRAULIC MACHINARY,0
BTECH-CVL,R16,BTECH-CVL-R16-MEFA,Managerial Economics & Financial Analysis,0
BTECH-CVL,R16,BTECH-CVL-R16-FMHMLAB,FLUID MECHANICS AND HYDRAULICS  MACHINERY LAB,0
BTECH-CVL,R16,BTECH-CVL-R16-SFW-II,Survey Field Work - II,0
BTECH-CVL,R16,BTECH-CVL-R16-TERC,TECHNICAL EVENTS REMEDIAL CLASS,0
BTECH-CVL,R16,BTECH-CVL-R16-WWM,WASTE WATER MANAGEMENT,0
BTECH-EEE,R16,BTECH-EEE-R16-EM-II,ELECTRICAL MACHINES-II,0
BTECH-EEE,R16,BTECH-EEE-R16-CS-EEE2-1,CONTROL SYSTEMS,0
BTECH-EEE,R16,BTECH-EEE-R16-PS-I-EEE-2-1,POWER SYSTEMS-I,0
BTECH-EEE,R16,BTECH-EEE-R16-EM-EEE-2-1,ELECTRICAL MEASUREMENTS,0
BTECH-EEE,R16,BTECH-EEE-R16-STLD,SWITCHING THEORY AND LOGIC DESIGN,0
BTECH-EEE,R16,BTECH-EEE-R16-MS-EEE-2-1,MANAGEMENT SCIENCE,0
BTECH-EEE,R16,BTECH-EEE-R16-EM-I-LAB-EEE-2-1,ELECTRICAL MACHINES-I LAB,0
BTECH-EEE,R16,BTECH-EEE-R16-EDC-LAB-I-EEE,ELECTRONICS DEVICES AND CIRCUITS LAB,0
BTECH-EEE,R16,BTECH-EEE-R16-CRT-ACTIVITY-2-1,CRT-ACTIVITY-2-1,0
BTECH-EEE,R16,BTECH-EEE-R16-CRT-ACTIVITY-2-2 COMMU,CRT-ACTIVITY-2-2 COMMUNICATION SKILLS,0
BTECH-EEE,R16,BTECH-EEE-R16-CORE-ARDUINO,CORE-ACTIVITY-ARDUINO,0
BTECH-EEE,R16,BTECH-EEE-R16-PEAD,POWER ELECTRONICS AND DRIVES,0
BTECH-EEE,R16,BTECH-EEE-R16-PSA-EEE,POWER SYSTEM ANALYSIS,0
BTECH-EEE,R16,BTECH-EEE-R16-DS-C,DATA STRUCTURES THROUGH C,0
BTECH-EEE,R16,BTECH-EEE-R16-OOPS,OOPS THROUGH JAVA,0
BTECH-EEE,R16,BTECH-EEE-R16-MPMC-EEE,MICRO PROCESSOR AND MICRO CONTROLLERS ,0
BTECH-EEE,R16,BTECH-EEE-R16-MPMC-LAB,MICRO PROCESSOR AND MICRO CONTROLLERS  LAB,0
BTECH-EEE,R16,BTECH-EEE-R16-DS-C-LAB,DATA STRUCTURES THROUGH C LAB,0
BTECH-EEE,R16,BTECH-EEE-R16-PE-LAB,POWER ELECTRONICS LAB,0
BTECH-EEE,R16,BTECH-EEE-R16-CRT-EEE-3-2,CRT-ACTIVITY-3-2,0
BTECH-EEE,R13,BTECH-EEE-R13-DCS-EEE,DIGITAL CONTROL SYSTEMS,0
BTECH-EEE,R13,BTECH-EEE-R13-FATS,FLEXIBLE AC TRANSMISSION SYSTEMS,0
BTECH-EEE,R13,BTECH-EEE-R13-SEM-EEE,SPECIAL ELECTRICAL MACHINES,0
BTECH-EEE,R13,BTECH-EEE-R13-OOPS-EEE,OOPS THROUGH JAVA,0
BTECH-EEE,R13,BTECH-EEE-R13-EEEPROJECT,EEE PROJECT,0
BTECH-EEE,R13,BTECH-EEE-R13-CORE-4-2,CORE-ACTIVITY-GATE-4-2,0
BTECH-EEE,R16,BTECH-EEE-R16-CRT-ACTIVITY-3-2-EEE,CRT-ACTIVITY-3-2-EEE,0
BTECH-EEE,R16,BTECH-EEE-R16-CORE-GATE-EEE-32,CORE-ACTIVITY-GATE-3-2,0
BTECH-EEE,R16,BTECH-EEE-R16-CRT-ACTIVITY-EEE32-AR,CRT-ACTIVITY-EEE32-AR,0
BTECH-MEC,R16,BTECH-MEC-R16-KOM,KINEMATICS OF MACHINERY,0
BTECH-MEC,R16,BTECH-MEC-R16-TE-I,THERMAL ENGINEERING  I ,0
BTECH-MEC,R16,BTECH-MEC-R16-PT,PRODUCTION TECHNOLOGY,0
BTECH-MEC,R16,BTECH-MEC-R16-DMM-I,DESIGN OF MACHINE MEMBERS-I,0
BTECH-MEC,R16,BTECH-MEC-R16-MD,MACHINE DRAWING,0
BTECH-MEC,R16,BTECH-MEC-R16-IEAM,INDUSTRIAL ENGINEERING AND MANAGEMENT,0
BTECH-MEC,R16,BTECH-MEC-R16-FMHMLAB-2-2,FLUID MECHANICS AND HYDRAULIC MACHINERY LAB,0
BTECH-MEC,R16,BTECH-MEC-R16-PTLAB,PRODUCTION TECHNOLOGY LAB,0
BTECH-MEC,R16,BTECH-MEC-R16-CRT-COMM-2-2,CRT (COMMUNICATION),0
BTECH-MEC,R16,BTECH-MEC-R16-CRT-AR-MECH,CRT (ARITHEMATIC AND REASONING),0
BTECH-MEC,R16,BTECH-MEC-R16-CORE-MECH-2-2,ACTIVITY (FABRICATION),0
BTECH-MEC,R16,BTECH-MEC-R16-MET,METROLOGY,0
BTECH-MEC,R16,BTECH-MEC-R16-IACS,INSTRUMENTATION AND CONTROL SYSTEM,0
BTECH-MEC,R16,BTECH-MEC-R16-RAAC,REFRIGERATION AND AIR CONDITIONING,0
BTECH-MEC,R16,BTECH-MEC-R16-HT,HEAT TRANSFER,0
BTECH-MEC,R16,BTECH-MEC-R16-GES,GREEN ENGINEERING SYSTEMS,0
BTECH-MEC,R16,BTECH-MEC-R16-HTLAB,HEAT TRANSFER LAB,0
BTECH-MEC,R16,BTECH-MEC-R16-MAILAB,METROLOGY AND INSTRUMENTATION LAB,0
BTECH-MEC,R16,BTECH-MEC-R16-CFDLAB,COMPUTATIONAL FLUID DYNAMICS LAB,0
BTECH-MEC,R16,BTECH-MEC-R16-PEHV,PROFESSIONAL ETHICS AND HUMAN VALUES,0
BTECH-MEC,R16,BTECH-MEC-R16-CORE-MECH-AM,ACTIVITY (AUTOMOBILE MAINTANANCE),0
BTECH-MEC,R16,BTECH-MEC-R16-CORE-CATIA,ACTIVITY (CAD/CATIA),0
coursecode,regulation,subjectcode,subjectname,0
BTECH-MEC,R13,BTECH-MEC-R13-4-2-01,PRODUCTION PLANNING AND CONTROL,0
BTECH-MEC,R13,BTECH-MEC-R13-4-2-02,GREEN ENGINEERING SYSTEMS,0
BTECH-MEC,R13,BTECH-MEC-R13-4-2-03,POWER PLANT ENGINEERING,0
BTECH-MEC,R13,BTECH-MEC-R13-4-2-04,NON-DESTRUCTIVE EVALUATION,0
BTECH-MEC,R13,BTECH-MEC-R13-4-2-05,CRT(GK),0
BTECH-MEC,R13,BTECH-MEC-R13-4-2-06,CRT (ARITHMETIC AND REASONING),0
BTECH-MEC,R13,BTECH-MEC-R13-4-2-07,Activity (GATE),0
BTECH-MEC,R13,BTECH-MEC-R13-4-2-08,Activity (CNC),0
BTECH-CSE,R16,BTECH-CSE-R16-2-2-01,Software Engineeriong,0
BTECH-CSE,R16,BTECH-CSE-R16-2-2-02,Java Programming,0
BTECH-CSE,R16,BTECH-CSE-R16-2-2-03,Advanced Data Structures,0
BTECH-CSE,R16,BTECH-CSE-R16-2-2-04,Computer Organization,0
BTECH-CSE,R16,BTECH-CSE-R16-2-2-05,Formal Languages and Automata Theory,0
BTECH-CSE,R16,BTECH-CSE-R16-2-2-06,Principles of Programming Languages,0
BTECH-CSE,R16,BTECH-CSE-R16-2-2-07,Advanced data structures Lab,0
BTECH-CSE,R16,BTECH-CSE-R16-2-2-08,Java Programming Lab,0
BTECH-CSE,R16,BTECH-CSE-R16-3-2-01,Design and Analysis of Algorithms,0
BTECH-CSE,R16,BTECH-CSE-R16-3-2-02,Computer Networks,0
BTECH-CSE,R16,BTECH-CSE-R16-3-2-03,Artificial Intellegence,0
BTECH-CSE,R16,BTECH-CSE-R16-3-2-04,Data warehousing and data Mining,0
BTECH-CSE,R16,BTECH-CSE-R16-3-2-05,Software Testing Methodologies,0
BTECH-CSE,R16,BTECH-CSE-R16-3-2-06,Computer Networks Lab,0
BTECH-CSE,R16,BTECH-CSE-R16-3-2-07,Software Testing lab,0
BTECH-CSE,R16,BTECH-CSE-R16-3-2-08,Data warehousing and Data Mining Lab,0
BTECH-CSE,R16,BTECH-CSE-R16-3-2-09,IPR & Patents,0
BTECH-CSE,R13,BTECH-CSE-R13-4-2-01,Cloud Computing,0
BTECH-CSE,R13,BTECH-CSE-R13-4-2-02,Distributed Systems,0
BTECH-CSE,R13,BTECH-CSE-R13-4-2-03,Management Science,0
BTECH-CSE,R13,BTECH-CSE-R13-4-2-04,Human Computer Interaction,0
BTECH-ECE,R13,BTECH-ECE-R13-4-2-01,EMBEDDED SYSTEMS,0
BTECH-ECE,R13,BTECH-ECE-R13-4-2-02,CELLULAR & MOBILE COMMUNICATIONS,0
BTECH-ECE,R13,BTECH-ECE-R13-4-2-03,WIRELESS SENSOR NETWORKS,0
BTECH-ECE,R13,BTECH-ECE-R13-4-2-04,INSTRUMENTATION,0
BTECH-ECE,R13,BTECH-ECE-R13-4-2-05,CRT-A,0
BTECH-ECE,R13,BTECH-ECE-R13-4-2-06,CRT-B,0
BTECH-ECE,R13,BTECH-ECE-R13-4-2-07,CORE-ACTIVITY-JAVA,0
BTECH-ECE,R13,BTECH-ECE-R13-4-2-08,GATE-A (ACTIVITY),0
BTECH-ECE,R13,BTECH-ECE-R13-4-2-09,GATE-B (ACTIVITY),0
BTECH-ECE,R13,BTECH-ECE-R13-4-2-10,EMBEDDED SYSTEMS,0
BTECH-ECE,R13,BTECH-ECE-R13-4-2-11,CELLULAR & MOBILE COMMUNICATIONS,0
BTECH-ECE,R13,BTECH-ECE-R13-4-2-12,WIRELESS SENSOR NETWORKS,0
BTECH-ECE,R13,BTECH-ECE-R13-4-2-13,ELECTRONIC MEASURNG INSTRUMENTATION,0
BTECH-ECE,R13,BTECH-ECE-R13-4-2-14,CRT-A,0
BTECH-ECE,R13,BTECH-ECE-R13-4-2-15,CRT-B,0
BTECH-ECE,R13,BTECH-ECE-R13-4-2-16,JAVA(ACTIVITY),0
BTECH-ECE,R13,BTECH-ECE-R13-4-2-17,GATE-A (ACTIVITY),0
BTECH-ECE,R13,BTECH-ECE-R13-4-2-18,GATE-B (ACTIVITY),0
BTECH-ECE,R16,BTECH-ECE-R16-3-2-01,MICRO WAVE ENGG.,0
BTECH-ECE,R16,BTECH-ECE-R16-3-2-02,MICRO PROCESSORS & MICROCONTROLLERS,0
BTECH-ECE,R16,BTECH-ECE-R16-3-2-03,DIGITAL SIGNAL PROCESSING,0
BTECH-ECE,R16,BTECH-ECE-R16-3-2-04,BIO MEDICAL ENGG.,0
BTECH-ECE,R16,BTECH-ECE-R16-3-2-05,VLSI,0
BTECH-ECE,R16,BTECH-ECE-R16-3-2-06,IPR&P,0
BTECH-ECE,R16,BTECH-ECE-R16-3-2-07,DC LAB,0
BTECH-ECE,R16,BTECH-ECE-R16-3-2-08,VLSI LAB,0
BTECH-ECE,R16,BTECH-ECE-R16-3-2-09,MPMC LAB,0
BTECH-ECE,R16,BTECH-ECE-R16-3-2-10,CRT-A,0
BTECH-ECE,R16,BTECH-ECE-R16-3-2-11,CRT-B,0
BTECH-ECE,R16,BTECH-ECE-R16-3-2-12,DSD USING FPGA (ACTIVITY),0
BTECH-ECE,R16,BTECH-ECE-R16-3-2-13,GATE (ACTIVITY),0
BTECH-ECE,R16,BTECH-ECE-R16-3-2-14,MICRO WAVE ENGG.,0
BTECH-ECE,R16,BTECH-ECE-R16-3-2-15,MICRO PROCESSORS & MICROCONTROLLERS,0
BTECH-ECE,R16,BTECH-ECE-R16-3-2-16,DIGITAL SIGNAL PROCESSING,0
BTECH-ECE,R16,BTECH-ECE-R16-3-2-17,BIO MEDICAL ENGG.,0
BTECH-ECE,R16,BTECH-ECE-R16-3-2-18,VLSI,0
BTECH-ECE,R16,BTECH-ECE-R16-3-2-19,IPR&P,0
BTECH-ECE,R16,BTECH-ECE-R16-3-2-20,DC LAB,0
BTECH-ECE,R16,BTECH-ECE-R16-3-2-21,VLSI LAB,0
BTECH-ECE,R16,BTECH-ECE-R16-3-2-22,MPMC LAB,0
BTECH-ECE,R16,BTECH-ECE-R16-3-2-23,CRT-B,0
BTECH-ECE,R16,BTECH-ECE-R16-3-2-24,CRT-A,0
BTECH-ECE,R16,BTECH-ECE-R16-3-2-25,DSD USING FPGA (ACTIVITY),0
BTECH-ECE,R16,BTECH-ECE-R16-3-2-26,GATE (ACTIVITY),0
BTECH-ECE,R16,BTECH-ECE-R16-2-2-01,ELECTRONIC CIRCUIT ANALYSIS,0
BTECH-ECE,R16,BTECH-ECE-R16-2-2-02,ANALOG COMMUNICATIONS,0
BTECH-ECE,R16,BTECH-ECE-R16-2-2-03,PULSE AND DIGITAL CIRCUITS,0
BTECH-ECE,R16,BTECH-ECE-R16-2-2-04,EMWTL,0
BTECH-ECE,R16,BTECH-ECE-R16-2-2-05,CONTROL SYSTEMS,0
BTECH-ECE,R16,BTECH-ECE-R16-2-2-06,MS,0
BTECH-ECE,R16,BTECH-ECE-R16-2-2-07,ECA LAB,0
BTECH-ECE,R16,BTECH-ECE-R16-2-2-08,AC LAB,0
BTECH-ECE,R16,BTECH-ECE-R16-2-2-09,CRT-A,0
BTECH-ECE,R16,BTECH-ECE-R16-2-2-10,CRT-B,0
BTECH-ECE,R16,BTECH-ECE-R16-2-2-11,OCTAVE(ACTIVITY),0
BTECH-ECE,R16,BTECH-ECE-R16-2-2-12,GATE(ACTIVITY),0
BTECH-HBS,R16,BTECH-HBS-R16-1-2-01,ENGLISH,0
BTECH-HBS,R16,BTECH-HBS-R16-1-2-02,Mathematics-III,0
BTECH-HBS,R16,BTECH-HBS-R16-1-2-03,Mathematics-II,0
BTECH-HBS,R16,BTECH-HBS-R16-1-2-04,Eng.Physics,0
BTECH-HBS,R16,BTECH-HBS-R16-1-2-05,Eng.Drawing,0
BTECH-HBS,R16,BTECH-HBS-R16-1-2-06,Elements of Mechanical Engg.,0
BTECH-HBS,R16,BTECH-HBS-R16-1-2-07,English communication lab,0
BTECH-HBS,R16,BTECH-HBS-R16-1-2-08,Engg.Physics lab,0
BTECH-HBS,R16,BTECH-HBS-R16-1-2-09,IT lab,0
BTECH-HBS,R16,BTECH-HBS-R16-1-2-10,EWS lab,0
BTECH-HBS,R16,BTECH-HBS-R16-1-2-11,ENGLISH,0
BTECH-HBS,R16,BTECH-HBS-R16-1-2-12,Mathematics-III,0
BTECH-HBS,R16,BTECH-HBS-R16-1-2-13,Mathematics-II,0
BTECH-HBS,R16,BTECH-HBS-R16-1-2-14,Applied Physics,0
BTECH-HBS,R16,BTECH-HBS-R16-1-2-15,Eng.Drawing,0
BTECH-HBS,R16,BTECH-HBS-R16-1-2-16,Electrical Circuit Analysis,0
BTECH-HBS,R16,BTECH-HBS-R16-1-2-17,English communication lab,0
BTECH-HBS,R16,BTECH-HBS-R16-1-2-18,Applied Physics lab,0
BTECH-HBS,R16,BTECH-HBS-R16-1-2-19,IT lab,0
BTECH-HBS,R16,BTECH-HBS-R16-1-2-20,EWS lab,0
BTECH-HBS,R16,BTECH-HBS-R16-1-2-21,ENGLISH,0
BTECH-HBS,R16,BTECH-HBS-R16-1-2-22,Mathematics-III,0
BTECH-HBS,R16,BTECH-HBS-R16-1-2-23,Mathematics-II,0
BTECH-HBS,R16,BTECH-HBS-R16-1-2-24,Eng.Physics,0
BTECH-HBS,R16,BTECH-HBS-R16-1-2-25,Eng.Drawing,0
BTECH-HBS,R16,BTECH-HBS-R16-1-2-26,Basic Electrical and Electronics,0
BTECH-HBS,R16,BTECH-HBS-R16-1-2-27,English communication lab,0
BTECH-HBS,R16,BTECH-HBS-R16-1-2-28,Engg.Physics lab,0
BTECH-HBS,R16,BTECH-HBS-R16-1-2-29,IT lab,0
BTECH-HBS,R16,BTECH-HBS-R16-1-2-30,EWS lab,0
BTECH-HBS,R16,BTECH-HBS-R16-1-2-31,ENGLISH,0
BTECH-HBS,R16,BTECH-HBS-R16-1-2-32,Mathematics-III,0
BTECH-HBS,R16,BTECH-HBS-R16-1-2-33,Applied Chemistry,0
BTECH-HBS,R16,BTECH-HBS-R16-1-2-34,ENVIRONMENTAL STUDIES,0
BTECH-HBS,R16,BTECH-HBS-R16-1-2-35,DATA STRUCTURES,0
BTECH-HBS,R16,BTECH-HBS-R16-1-2-36,ELECTRICAL AND MECHANICAL TECHNOLOGY,0
BTECH-HBS,R16,BTECH-HBS-R16-1-2-37,ENGLISH COMMUNICATION LAB,0
BTECH-HBS,R16,BTECH-HBS-R16-1-2-38,APPLIED CHEMISTRY LAB,0
BTECH-HBS,R16,BTECH-HBS-R16-1-2-39,C PROGRAMMING LAB,0
BTECH-HBS,R16,BTECH-HBS-R16-1-2-40,ENGLISH,0
BTECH-HBS,R16,BTECH-HBS-R16-1-2-41,Mathematics-III,0
BTECH-HBS,R16,BTECH-HBS-R16-1-2-42,Applied Chemistry,0
BTECH-HBS,R16,BTECH-HBS-R16-1-2-43,ENVIRONMENTAL STUDIES,0
BTECH-HBS,R16,BTECH-HBS-R16-1-2-44,OOPS THROUGH C++,0
BTECH-HBS,R16,BTECH-HBS-R16-1-2-45,ENGINEERING MECHANICS,0
BTECH-HBS,R16,BTECH-HBS-R16-1-2-46,ENGLISH COMMUNICATION LAB,0
BTECH-HBS,R16,BTECH-HBS-R16-1-2-47,APPLIED CHEMISTRY LAB,0
BTECH-HBS,R16,BTECH-HBS-R16-1-2-48,OOPS THROUGH C++ LAB,0
DIPLO-DEC,C16,DIPLO-DEC-C16-2-4-01,Linear ICs and Applications,0
DIPLO-DEC,C16,DIPLO-DEC-C16-2-4-02,Programming in C & MATLAB ,0
DIPLO-DEC,C16,DIPLO-DEC-C16-2-4-03,Microprocessors,0
DIPLO-DEC,C16,DIPLO-DEC-C16-2-4-04,Electronic Measurements & consumer gadgets,0
DIPLO-DEC,C16,DIPLO-DEC-C16-2-4-05,Microwave & Satellite Communication systems,0
DIPLO-DEC,C16,DIPLO-DEC-C16-2-4-06,Linear ICs Lab,0
DIPLO-DEC,C16,DIPLO-DEC-C16-2-4-07,Microprocessors lab,0
DIPLO-DEC,C16,DIPLO-DEC-C16-2-4-08,C & MATLAB Practice Laboratory,0
DIPLO-DEC,C16,DIPLO-DEC-C16-2-4-09,Consumer Electronics & Measurements Lab,0
DIPLO-DEC,C16,DIPLO-DEC-C16-2-4-10,Basics on Arduino,0
DIPLO-DEE,C16,DIPLO-DEE-C16-2-4-01,AC MACHINES - I,0
DIPLO-DEE,C16,DIPLO-DEE-C16-2-4-02,POWER SYSTEMS - I (G&P),0
DIPLO-DEE,C16,DIPLO-DEE-C16-2-4-03,ELECTRICAL UTILIZATION & TRACTION,0
DIPLO-DEE,C16,DIPLO-DEE-C16-2-4-04,ELECTRICAL INSTALLATION & ESTIMATION,0
DIPLO-DEE,C16,DIPLO-DEE-C16-2-4-05,ELECTRONICS ENGG - II,0
DIPLO-DEE,C16,DIPLO-DEE-C16-2-4-06,ELECTRICAL ENGG DRAWING,0
DIPLO-DEE,C16,DIPLO-DEE-C16-2-4-07,AC MACHINES - I LAB,0
DIPLO-DEE,C16,DIPLO-DEE-C16-2-4-08,COMMUNICATION SKILLS LAB,0
DIPLO-DEE,C16,DIPLO-DEE-C16-2-4-09,ELECTRONICS ENGG - II LAB,0
DIPLO-DEE,C16,DIPLO-DEE-C16-2-4-10,MS OFFICE,0
DIPLO-DME,C16,DIPLO-DME-C16-2-4-01,Engineering Materials,0
DIPLO-DME,C16,DIPLO-DME-C16-2-4-02,Hydraulics and Fluid Power Control Systems,0
DIPLO-DME,C16,DIPLO-DME-C16-2-4-03,Thermal Engineering II,0
DIPLO-DME,C16,DIPLO-DME-C16-2-4-04,Production technology-II,0
DIPLO-DME,C16,DIPLO-DME-C16-2-4-05,Design of Machine Elements,0
DIPLO-DME,C16,DIPLO-DME-C16-2-4-06,Production Drawing,0
DIPLO-DME,C16,DIPLO-DME-C16-2-4-07,Hydraulics & Fluid Power Control Systems Lab,0
DIPLO-DME,C16,DIPLO-DME-C16-2-4-08,Communication Skills,0
DIPLO-DME,C16,DIPLO-DME-C16-2-4-09,Thermal Engineering Lab,0
DIPLO-DME,C16,DIPLO-DME-C16-2-4-10,TYPING TOOL ,0
DIPLO-DEC,C16,DIPLO-DEC-C16-3-6-01,Industrial Management & Smart Technologies,0
DIPLO-DEC,C16,DIPLO-DEC-C16-3-6-02,Microcontrollers,0
DIPLO-DEC,C16,DIPLO-DEC-C16-3-6-03,Computer Hardware & Networking,0
DIPLO-DEC,C16,DIPLO-DEC-C16-3-6-04,Optical & Mobile Communications,0
DIPLO-DEC,C16,DIPLO-DEC-C16-3-6-05,Industrial Electronics,0
DIPLO-DEC,C16,DIPLO-DEC-C16-3-6-06,Advanced Communications & Networking Lab,0
DIPLO-DEC,C16,DIPLO-DEC-C16-3-6-07,Microcontrollers lab,0
DIPLO-DEC,C16,DIPLO-DEC-C16-3-6-08,Life Skills,0
DIPLO-DEC,C16,DIPLO-DEC-C16-3-6-09,Industrial Electronics Lab,0
DIPLO-DEC,C16,DIPLO-DEC-C16-3-6-10,Computer Hardware & Networking,0
DIPLO-DEC,C16,DIPLO-DEC-C16-1-1-01,English,0
DIPLO-DEC,C16,DIPLO-DEC-C16-1-1-02,Engineering Mathematics - I,0
DIPLO-DEC,C16,DIPLO-DEC-C16-1-1-03,Engineering Physics,0
DIPLO-DEC,C16,DIPLO-DEC-C16-1-1-04,Engineering Chemistry & Environmental Studies,0
DIPLO-DEC,C16,DIPLO-DEC-C16-1-1-05,Electronic Devices & Power Supplies,0
DIPLO-DEC,C16,DIPLO-DEC-C16-1-1-06,Elements of Electrical Engineering,0
DIPLO-DEC,C16,DIPLO-DEC-C16-1-1-07,Engineering Drawing,0
DIPLO-DEC,C16,DIPLO-DEC-C16-1-1-08,BASIC ELECTRONICS LABORATORY& WIRING FUNDAMENTALS,0
DIPLO-DEC,C16,DIPLO-DEC-C16-1-1-09,Physics Laboratory,0
DIPLO-DEC,C16,DIPLO-DEC-C16-1-1-10,Chemistry Laboratory,0
DIPLO-DEC,C16,DIPLO-DEC-C16-1-1-11,Computer Fundamentals Laboratory,0
DIPLO-DEC,C16,DIPLO-DEC-C16-1-1-12,COMPUTER HARDWARE AND NETWORKING,0
DIPLO-DEE,C16,DIPLO-DEE-C16-1-1-01,English,0
DIPLO-DEE,C16,DIPLO-DEE-C16-1-1-02,Engineering Mathematics - I,0
DIPLO-DEE,C16,DIPLO-DEE-C16-1-1-03,Engineering Physics,0
DIPLO-DEE,C16,DIPLO-DEE-C16-1-1-04,Engineering Chemistry & Environmental Studies,0
DIPLO-DEE,C16,DIPLO-DEE-C16-1-1-05,ELECTRICAL ENGINEERING MATERIALS,0
DIPLO-DEE,C16,DIPLO-DEE-C16-1-1-06,BASIC ELECTRICAL ENGINEERING,0
DIPLO-DEE,C16,DIPLO-DEE-C16-1-1-07,Engineering Drawing,0
DIPLO-DEE,C16,DIPLO-DEE-C16-1-1-08,BASIC ELECTRICAL AND ELECTRONICS LABORATORY,0
DIPLO-DEE,C16,DIPLO-DEE-C16-1-1-09,Physics Laboratory,0
DIPLO-DEE,C16,DIPLO-DEE-C16-1-1-10,Chemistry Laboratory,0
DIPLO-DEE,C16,DIPLO-DEE-C16-1-1-11,Computer Fundamentals Laboratory,0
DIPLO-DEE,C16,DIPLO-DEE-C16-1-1-12,ACTIVITY (RO PLANT & GENERATOR MAINTANANCE),0
DIPLO-DME,C16,DIPLO-DME-C16-1-1-01,English,0
DIPLO-DME,C16,DIPLO-DME-C16-1-1-02,Engineering Mathematics - I,0
DIPLO-DME,C16,DIPLO-DME-C16-1-1-03,Engineering Physics,0
DIPLO-DME,C16,DIPLO-DME-C16-1-1-04,Engineering Chemistry & Environmental Studies,0
DIPLO-DME,C16,DIPLO-DME-C16-1-1-05,ENGINEERING MECHANICS,0
DIPLO-DME,C16,DIPLO-DME-C16-1-1-06,WORKSHOP TECHNOLOGY,0
DIPLO-DME,C16,DIPLO-DME-C16-1-1-07,Engineering Drawing,0
DIPLO-DME,C16,DIPLO-DME-C16-1-1-08,BASIC WORKSHOP PRACTICE,0
DIPLO-DME,C16,DIPLO-DME-C16-1-1-09,Physics Laboratory,0
DIPLO-DME,C16,DIPLO-DME-C16-1-1-10,Chemistry Laboratory,0
DIPLO-DME,C16,DIPLO-DME-C16-1-1-11,Computer Fundamentals Laboratory,0
DIPLO-DME,C16,DIPLO-DME-C16-1-1-12,ACTIVITY (CARPENTAY),0
